cw_code,close_price,change,conversion_ratio,exercise_price,underlying_code,issuer,warrant_type,exercise_style,first_trading_date,last_trading_date,status,scraped_at,row_number
CACB2503,2160.0,130 (+6.40%),1.6712 : 1,22562.0,ACB,SSI,Mua,Châu Âu,22/01/2025,23/10/2025,Bình thường,2025-10-02T10:26:52.577711,1
CACB2505,1620.0,80 (+5.19%),2.5068 : 1,21977.0,ACB,BSI,Mua,Châu Âu,10/02/2025,07/10/2025,Bình thường,2025-10-02T10:26:52.626095,2
CACB2507,3090.0,90 (+3%),1.67 : 1,20890.0,ACB,SSI,Mua,Châu Âu,16/06/2025,10/10/2025,Bình thường,2025-10-02T10:26:52.673967,3
CACB2508,2890.0,120 (+4.33%),1.67 : 1,21726.0,ACB,SSI,Mua,Châu Âu,16/06/2025,11/12/2025,Bình thường,2025-10-02T10:26:52.727346,4
CACB2509,2150.0,150 (+7.50%),3 : 1,20500.0,ACB,VPBankS,Mua,Châu Âu,11/07/2025,21/01/2026,Bình thường,2025-10-02T10:26:52.783195,5
CACB2510,2910.0,70 (+2.46%),2 : 1,22500.0,ACB,SSI,Mua,Châu Âu,17/07/2025,19/06/2026,Bình thường,2025-10-02T10:26:52.831583,6
CACB2511,3070.0,120 (+4.07%),2 : 1,23000.0,ACB,SSI,Mua,Châu Âu,17/07/2025,21/09/2026,Bình thường,2025-10-02T10:26:52.886436,7
CACB2512,780.0,-10 (-1.27%),3 : 1,29000.0,ACB,MBS,Mua,Châu Âu,29/09/2025,20/02/2026,Bình thường,2025-10-02T10:26:52.941808,8
CFPT2404,440.0,10 (+2.33%),12.8507 : 1,103634.0,FPT,ACBS,Mua,Châu Âu,09/12/2024,31/10/2025,Bình thường,2025-10-02T10:26:52.992672,9
CFPT2503,440.0,(0.00%),8.6246 : 1,155243.0,FPT,SSI,Mua,Châu Âu,22/01/2025,24/03/2026,Bình thường,2025-10-02T10:27:05.799290,1
CFPT2505,400.0,-70 (-14.89%),8.6246 : 1,136269.0,FPT,BSI,Mua,Châu Âu,10/02/2025,07/01/2026,Bình thường,2025-10-02T10:27:05.892559,2
CFPT2508,670.0,70 (+11.67%),6.8997 : 1,137994.0,FPT,TCBS,Mua,Châu Âu,27/02/2025,03/02/2026,Bình thường,2025-10-02T10:27:05.959898,3
CFPT2509,310.0,(0.00%),21.5616 : 1,120744.0,FPT,KIS,Mua,Châu Âu,21/04/2025,17/11/2025,Bình thường,2025-10-02T10:27:06.022730,4
CFPT2510,580.0,(0.00%),21.5616 : 1,132818.0,FPT,KIS,Mua,Châu Âu,21/04/2025,19/02/2026,Bình thường,2025-10-02T10:27:06.085088,5
CFPT2511,850.0,-20 (-2.30%),8.6246 : 1,106945.0,FPT,HCM,Mua,Châu Âu,07/05/2025,08/01/2026,Bình thường,2025-10-02T10:27:06.146924,6
CFPT2512,940.0,-10 (-1.05%),8.6246 : 1,108670.0,FPT,HCM,Mua,Châu Âu,07/05/2025,09/04/2026,Bình thường,2025-10-02T10:27:06.214258,7
CFPT2513,720.0,(0.00%),11.2120 : 1,116433.0,FPT,ACBS,Mua,Châu Âu,11/06/2025,18/05/2026,Bình thường,2025-10-02T10:27:06.281600,8
CFPT2514,130.0,-10 (-7.14%),8.6246 : 1,103495.0,FPT,SSI,Mua,Châu Âu,16/06/2025,10/10/2025,Bình thường,2025-10-02T10:27:06.347429,9
CFPT2516,1040.0,-30 (-2.80%),8.6984 : 1,102641.0,FPT,VPBankS,Mua,Châu Âu,11/07/2025,21/01/2026,Bình thường,2025-10-02T10:27:19.087898,1
CFPT2517,1110.0,-80 (-6.72%),8.6984 : 1,106990.0,FPT,SSI,Mua,Châu Âu,17/07/2025,19/06/2026,Bình thường,2025-10-02T10:27:19.140757,2
CFPT2518,1440.0,-80 (-5.26%),8.6984 : 1,106990.0,FPT,SSI,Mua,Châu Âu,17/07/2025,21/09/2026,Bình thường,2025-10-02T10:27:19.193136,3
CFPT2519,560.0,-10 (-1.75%),6.96 : 1,122648.0,FPT,ACBS,Mua,Châu Âu,05/08/2025,19/02/2026,Bình thường,2025-10-02T10:27:19.243002,4
CFPT2520,670.0,-10 (-1.47%),15 : 1,131400.0,FPT,PHS,Mua,Châu Âu,13/08/2025,21/07/2026,Bình thường,2025-10-02T10:27:19.293383,5
CFPT2521,570.0,10 (+1.79%),19 : 1,122500.0,FPT,PHS,Mua,Châu Âu,13/08/2025,19/06/2026,Bình thường,2025-10-02T10:27:19.347240,6
CFPT2522,610.0,-10 (-1.61%),25 : 1,116789.0,FPT,KIS,Mua,Châu Âu,26/09/2025,23/12/2025,Bình thường,2025-10-02T10:27:19.399616,7
CFPT2523,680.0,-20 (-2.86%),25 : 1,117799.0,FPT,KIS,Mua,Châu Âu,26/09/2025,23/03/2026,Bình thường,2025-10-02T10:27:19.449480,8
CFPT2524,970.0,80 (+8.99%),25 : 1,118688.0,FPT,KIS,Mua,Châu Âu,26/09/2025,23/06/2026,Bình thường,2025-10-02T10:27:19.506845,9
CHDB2505,1550.0,-110 (-6.63%),4 : 1,27777.0,HDB,KIS,Mua,Châu Âu,21/04/2025,19/02/2026,Bình thường,2025-10-02T10:27:32.245269,1
CHDB2506,1390.0,40 (+2.96%),3 : 1,33000.0,HDB,MBS,Mua,Châu Âu,29/09/2025,20/02/2026,Bình thường,2025-10-02T10:27:32.301121,2
CHPG2406,1550.0,-30 (-1.90%),3.3309 : 1,23316.0,HPG,SSI,Mua,Châu Âu,20/11/2024,24/10/2025,Bình thường,2025-10-02T10:27:32.367462,3
CHPG2409,3100.0,40 (+1.31%),2.4982 : 1,20818.0,HPG,ACBS,Mua,Châu Âu,09/12/2024,31/10/2025,Bình thường,2025-10-02T10:27:32.435798,4
CHPG2504,2650.0,-20 (-0.75%),1.6654 : 1,24149.0,HPG,SSI,Mua,Châu Âu,22/01/2025,23/10/2025,Bình thường,2025-10-02T10:27:32.492648,5
CHPG2505,3100.0,-80 (-2.52%),1.6654 : 1,24982.0,HPG,SSI,Mua,Châu Âu,22/01/2025,24/03/2026,Bình thường,2025-10-02T10:27:32.555000,6
CHPG2506,1930.0,10 (+0.52%),3.3309 : 1,23150.0,HPG,BSI,Mua,Châu Âu,10/02/2025,07/01/2026,Bình thường,2025-10-02T10:27:32.614841,7
CHPG2508,3720.0,-40 (-1.06%),1.6654 : 1,22483.0,HPG,HCM,Mua,Châu Âu,25/02/2025,21/10/2025,Bình thường,2025-10-02T10:27:32.672205,8
CHPG2510,2390.0,30 (+1.27%),2.4982 : 1,24149.0,HPG,TCBS,Mua,Châu Âu,27/02/2025,03/02/2026,Bình thường,2025-10-02T10:27:32.725577,9
CHPG2514,920.0,-40 (-4.17%),3.3309 : 1,26369.0,HPG,KIS,Mua,Châu Âu,21/04/2025,17/11/2025,Bình thường,2025-10-02T10:27:45.394975,1
CHPG2515,1070.0,-10 (-0.93%),3.3309 : 1,26832.0,HPG,KIS,Mua,Châu Âu,21/04/2025,17/12/2025,Bình thường,2025-10-02T10:27:45.451825,2
CHPG2516,1190.0,-30 (-2.46%),3.3309 : 1,27572.0,HPG,KIS,Mua,Châu Âu,21/04/2025,19/02/2026,Bình thường,2025-10-02T10:27:45.513176,3
CHPG2517,5110.0,10 (+0.20%),1.6654 : 1,21234.0,HPG,HCM,Mua,Châu Âu,07/05/2025,09/04/2026,Bình thường,2025-10-02T10:27:45.568543,4
CHPG2518,2880.0,30 (+1.05%),2.4982 : 1,23316.0,HPG,ACBS,Mua,Châu Âu,11/06/2025,18/05/2026,Bình thường,2025-10-02T10:27:45.622400,5
CHPG2519,3570.0,50 (+1.42%),1.6654 : 1,22483.0,HPG,SSI,Mua,Châu Âu,16/06/2025,10/10/2025,Bình thường,2025-10-02T10:27:45.700707,6
CHPG2520,3400.0,-60 (-1.73%),1.6654 : 1,23316.0,HPG,SSI,Mua,Châu Âu,16/06/2025,11/12/2025,Bình thường,2025-10-02T10:27:45.755563,7
CHPG2521,1750.0,(0.00%),4 : 1,28000.0,HPG,SSV,Mua,Châu Âu,27/06/2025,09/12/2025,Bình thường,2025-10-02T10:27:45.805941,8
CHPG2522,3340.0,290 (+9.51%),2.50 : 1,21651.0,HPG,VPBankS,Mua,Châu Âu,11/07/2025,19/03/2026,Bình thường,2025-10-02T10:27:45.860315,9
CHPG2524,4300.0,-50 (-1.15%),1.67 : 1,23733.0,HPG,SSI,Mua,Châu Âu,17/07/2025,19/06/2026,Bình thường,2025-10-02T10:27:58.559235,1
CHPG2525,4600.0,90 (+2%),1.67 : 1,24149.0,HPG,SSI,Mua,Châu Âu,17/07/2025,21/09/2026,Bình thường,2025-10-02T10:27:58.610615,2
CHPG2526,910.0,-20 (-2.15%),4 : 1,27111.0,HPG,KIS,Mua,Châu Âu,25/07/2025,01/12/2025,Bình thường,2025-10-02T10:27:58.664473,3
CHPG2527,1660.0,(0.00%),4 : 1,27444.0,HPG,KIS,Mua,Châu Âu,25/07/2025,30/04/2026,Bình thường,2025-10-02T10:27:58.716847,4
CHPG2528,1700.0,-40 (-2.30%),2 : 1,30000.0,HPG,ACBS,Mua,Châu Âu,05/08/2025,19/02/2026,Bình thường,2025-10-02T10:27:58.773697,5
CHPG2529,1280.0,-10 (-0.78%),4 : 1,28050.0,HPG,PHS,Mua,Châu Âu,13/08/2025,21/05/2026,Bình thường,2025-10-02T10:27:58.824078,6
CHPG2530,1760.0,(0.00%),3 : 1,28600.0,HPG,PHS,Mua,Châu Âu,13/08/2025,19/06/2026,Bình thường,2025-10-02T10:27:58.876938,7
CHPG2531,1290.0,(0.00%),4 : 1,29900.0,HPG,PHS,Mua,Châu Âu,13/08/2025,19/06/2026,Bình thường,2025-10-02T10:27:58.929314,8
CHPG2532,1910.0,40 (+2.14%),3 : 1,31200.0,HPG,PHS,Mua,Châu Âu,13/08/2025,21/07/2026,Bình thường,2025-10-02T10:27:58.980179,9
CHPG2534,1450.0,30 (+2.11%),4 : 1,31111.0,HPG,KIS,Mua,Châu Âu,26/09/2025,23/06/2026,Bình thường,2025-10-02T10:28:11.675312,1
CLPB2501,3550.0,310 (+9.57%),4.66 : 1,36329.0,LPB,SSI,Mua,Châu Âu,16/06/2025,11/12/2025,Bình thường,2025-10-02T10:28:11.726179,2
CLPB2502,3850.0,250 (+6.94%),4.66 : 1,34466.0,LPB,SSI,Mua,Châu Âu,16/06/2025,10/10/2025,Bình thường,2025-10-02T10:28:11.781545,3
CLPB2503,5510.0,840 (+17.99%),4 : 1,35000.0,LPB,SSI,Mua,Châu Âu,17/07/2025,19/06/2026,Bình thường,2025-10-02T10:28:11.831924,4
CLPB2504,4300.0,210 (+5.13%),4 : 1,35656.0,LPB,KIS,Mua,Châu Âu,25/07/2025,01/12/2025,Bình thường,2025-10-02T10:28:11.884786,5
CLPB2505,3840.0,(0.00%),4 : 1,36688.0,LPB,KIS,Mua,Châu Âu,25/07/2025,01/01/2026,Bình thường,2025-10-02T10:28:11.935167,6
CLPB2506,3580.0,570 (+18.94%),5 : 1,37399.0,LPB,KIS,Mua,Châu Âu,25/07/2025,30/01/2026,Bình thường,2025-10-02T10:28:11.991018,7
CLPB2507,3490.0,250 (+7.72%),5 : 1,37979.0,LPB,KIS,Mua,Châu Âu,25/07/2025,27/02/2026,Bình thường,2025-10-02T10:28:12.045422,8
CLPB2508,2140.0,140 (+7%),8 : 1,38688.0,LPB,KIS,Mua,Châu Âu,25/07/2025,01/04/2026,Bình thường,2025-10-02T10:28:12.096285,9
CMBB2407,7860.0,500 (+6.79%),1.7377 : 1,22590.0,MBB,ACBS,Mua,Châu Âu,09/12/2024,31/10/2025,Bình thường,2025-10-02T10:28:25.931280,1
CMBB2503,7950.0,620 (+8.46%),1.3050 : 1,16943.0,MBB,SSI,Mua,Châu Âu,22/01/2025,23/10/2025,Bình thường,2025-10-02T10:28:25.983658,2
CMBB2504,8010.0,630 (+8.54%),1.3050 : 1,17594.0,MBB,SSI,Mua,Châu Âu,22/01/2025,24/03/2026,Bình thường,2025-10-02T10:28:26.035519,3
CMBB2505,4780.0,360 (+8.14%),2.25 : 1,17100.0,MBB,BSI,Mua,Châu Âu,10/02/2025,07/04/2026,Bình thường,2025-10-02T10:28:26.089892,4
CMBB2507,6430.0,350 (+5.76%),1.5 : 1,18000.0,MBB,TCBS,Mua,Châu Âu,27/02/2025,03/02/2026,Bình thường,2025-10-02T10:28:26.140755,5
CMBB2509,6180.0,480 (+8.42%),1.5 : 1,18375.0,MBB,HCM,Mua,Châu Âu,07/05/2025,08/01/2026,Bình thường,2025-10-02T10:28:26.199118,6
CMBB2510,6540.0,470 (+7.74%),1.5 : 1,18375.0,MBB,HCM,Mua,Châu Âu,07/05/2025,09/04/2026,Bình thường,2025-10-02T10:28:26.253972,7
CMBB2511,4050.0,260 (+6.86%),2.25 : 1,18750.0,MBB,ACBS,Mua,Châu Âu,11/06/2025,18/05/2026,Bình thường,2025-10-02T10:28:26.307346,8
CMBB2512,5640.0,520 (+10.16%),1.5 : 1,18750.0,MBB,SSI,Mua,Châu Âu,16/06/2025,10/10/2025,Bình thường,2025-10-02T10:28:26.365196,9
CMBB2514,3950.0,800 (+25.40%),2.25 : 1,18000.0,MBB,VPBankS,Mua,Châu Âu,11/07/2025,19/12/2025,Bình thường,2025-10-02T10:28:40.999502,1
CMBB2515,3450.0,550 (+18.97%),2.25 : 1,20250.0,MBB,VPBankS,Mua,Châu Âu,11/07/2025,19/03/2026,Bình thường,2025-10-02T10:28:41.059854,2
CMBB2516,5960.0,570 (+10.58%),1.5 : 1,19875.0,MBB,SSI,Mua,Châu Âu,17/07/2025,19/06/2026,Bình thường,2025-10-02T10:28:41.126195,3
CMBB2517,6150.0,450 (+7.89%),1.5 : 1,20250.0,MBB,SSI,Mua,Châu Âu,17/07/2025,21/09/2026,Bình thường,2025-10-02T10:28:41.186033,4
CMBB2518,3900.0,490 (+14.37%),1.5 : 1,21750.0,MBB,ACBS,Mua,Châu Âu,05/08/2025,19/02/2026,Bình thường,2025-10-02T10:28:41.239409,5
CMSN2406,1090.0,-20 (-1.80%),6 : 1,79000.0,MSN,ACBS,Mua,Châu Âu,09/12/2024,31/10/2025,Bình thường,2025-10-02T10:28:41.295260,6
CMSN2503,1890.0,40 (+2.16%),5 : 1,75000.0,MSN,SSI,Mua,Châu Âu,22/01/2025,23/10/2025,Bình thường,2025-10-02T10:28:41.348635,7
CMSN2507,630.0,-60 (-8.70%),10 : 1,77999.0,MSN,KIS,Mua,Châu Âu,21/04/2025,16/10/2025,Bình thường,2025-10-02T10:28:41.402493,8
CMSN2508,880.0,-10 (-1.12%),10 : 1,79777.0,MSN,KIS,Mua,Châu Âu,21/04/2025,17/11/2025,Bình thường,2025-10-02T10:28:41.451876,9
CMSN2510,1090.0,-40 (-3.54%),10 : 1,83399.0,MSN,KIS,Mua,Châu Âu,21/04/2025,19/02/2026,Bình thường,2025-10-02T10:28:54.174554,1
CMSN2511,3160.0,10 (+0.32%),8 : 1,59000.0,MSN,HCM,Mua,Châu Âu,07/05/2025,08/01/2026,Bình thường,2025-10-02T10:28:54.229408,2
CMSN2512,3790.0,-10 (-0.26%),7 : 1,60000.0,MSN,ACBS,Mua,Châu Âu,11/06/2025,18/05/2026,Bình thường,2025-10-02T10:28:54.285775,3
CMSN2513,3380.0,30 (+0.90%),5 : 1,65000.0,MSN,SSI,Mua,Châu Âu,16/06/2025,10/10/2025,Bình thường,2025-10-02T10:28:54.335643,4
CMSN2514,3200.0,-50 (-1.54%),5 : 1,68000.0,MSN,SSI,Mua,Châu Âu,16/06/2025,11/12/2025,Bình thường,2025-10-02T10:28:54.387022,5
CMSN2515,2550.0,50 (+2%),8 : 1,64000.0,MSN,VPBankS,Mua,Châu Âu,11/07/2025,19/12/2025,Bình thường,2025-10-02T10:28:54.442876,6
CMSN2516,4820.0,-40 (-0.82%),4 : 1,72000.0,MSN,SSI,Mua,Châu Âu,17/07/2025,19/06/2026,Bình thường,2025-10-02T10:28:54.494253,7
CMSN2517,800.0,(0.00%),10 : 1,86688.0,MSN,KIS,Mua,Châu Âu,25/07/2025,01/12/2025,Bình thường,2025-10-02T10:28:54.554608,8
CMSN2518,1490.0,-10 (-0.67%),10 : 1,89999.0,MSN,KIS,Mua,Châu Âu,25/07/2025,30/04/2026,Bình thường,2025-10-02T10:28:54.609462,9
CMSN2520,1600.0,(0.00%),10 : 1,97111.0,MSN,KIS,Mua,Châu Âu,26/09/2025,23/06/2026,Bình thường,2025-10-02T10:29:07.305421,1
CMWG2407,1560.0,20 (+1.30%),5.9149 : 1,69007.0,MWG,ACBS,Mua,Châu Âu,09/12/2024,31/10/2025,Bình thường,2025-10-02T10:29:07.357280,2
CMWG2503,3320.0,120 (+3.75%),4.9291 : 1,62106.0,MWG,SSI,Mua,Châu Âu,22/01/2025,23/10/2025,Bình thường,2025-10-02T10:29:07.407661,3
CMWG2504,3500.0,100 (+2.94%),4.9291 : 1,65064.0,MWG,SSI,Mua,Châu Âu,22/01/2025,24/03/2026,Bình thường,2025-10-02T10:29:07.461518,4
CMWG2505,2990.0,(0.00%),5.9149 : 1,60135.0,MWG,BSI,Mua,Châu Âu,10/02/2025,07/10/2025,Bình thường,2025-10-02T10:29:07.510904,5
CMWG2507,1410.0,20 (+1.44%),9.8582 : 1,65720.0,MWG,KIS,Mua,Châu Âu,21/04/2025,17/11/2025,Bình thường,2025-10-02T10:29:07.567753,6
CMWG2508,1340.0,20 (+1.52%),9.8582 : 1,71964.0,MWG,KIS,Mua,Châu Âu,21/04/2025,19/02/2026,Bình thường,2025-10-02T10:29:07.622127,7
CMWG2509,3260.0,-40 (-1.21%),7.8865 : 1,53727.0,MWG,HCM,Mua,Châu Âu,07/05/2025,08/01/2026,Bình thường,2025-10-02T10:29:07.673993,8
CMWG2510,3430.0,-90 (-2.56%),7.8865 : 1,54220.0,MWG,HCM,Mua,Châu Âu,07/05/2025,09/04/2026,Bình thường,2025-10-02T10:29:07.728362,9
CMWG2512,2860.0,70 (+2.51%),4.9291 : 1,64078.0,MWG,SSI,Mua,Châu Âu,16/06/2025,10/10/2025,Bình thường,2025-10-02T10:29:20.396926,1
CMWG2513,2880.0,70 (+2.49%),4.9291 : 1,66050.0,MWG,SSI,Mua,Châu Âu,16/06/2025,11/12/2025,Bình thường,2025-10-02T10:29:20.449324,2
CMWG2514,3350.0,50 (+1.52%),4.9291 : 1,63092.0,MWG,VPBankS,Mua,Châu Âu,11/07/2025,19/12/2025,Bình thường,2025-10-02T10:29:20.501187,3
CMWG2515,4840.0,190 (+4.09%),3.9433 : 1,67035.0,MWG,SSI,Mua,Châu Âu,17/07/2025,19/06/2026,Bình thường,2025-10-02T10:29:20.552565,4
CMWG2516,1790.0,20 (+1.13%),7.89 : 1,79851.0,MWG,PHS,Mua,Châu Âu,13/08/2025,19/06/2026,Bình thường,2025-10-02T10:29:20.605423,5
CMWG2517,1790.0,50 (+2.87%),8.87 : 1,76401.0,MWG,PHS,Mua,Châu Âu,13/08/2025,21/05/2026,Bình thường,2025-10-02T10:29:20.662819,6
CMWG2518,2360.0,(0.00%),6.90 : 1,82611.0,MWG,PHS,Mua,Châu Âu,13/08/2025,21/07/2026,Bình thường,2025-10-02T10:29:20.713689,7
CMWG2519,2810.0,50 (+1.81%),5 : 1,75000.0,MWG,MBS,Mua,Châu Âu,29/09/2025,18/05/2026,Bình thường,2025-10-02T10:29:20.764070,8
CSHB2504,3400.0,130 (+3.98%),1.7052 : 1,11424.0,SHB,KIS,Mua,Châu Âu,21/04/2025,17/11/2025,Bình thường,2025-10-02T10:29:20.814937,9
CSHB2506,3000.0,90 (+3.09%),1.7698 : 1,12565.0,SHB,SSV,Mua,Châu Âu,27/06/2025,09/12/2025,Bình thường,2025-10-02T10:29:34.712486,1
CSHB2507,2720.0,60 (+2.26%),1.7698 : 1,12978.0,SHB,KIS,Mua,Châu Âu,25/07/2025,01/12/2025,Bình thường,2025-10-02T10:29:34.767852,2
CSHB2508,2860.0,(0.00%),1.7698 : 1,13174.0,SHB,KIS,Mua,Châu Âu,25/07/2025,30/01/2026,Bình thường,2025-10-02T10:29:34.823704,3
CSHB2509,2930.0,50 (+1.74%),1.7698 : 1,13470.0,SHB,KIS,Mua,Châu Âu,25/07/2025,01/04/2026,Bình thường,2025-10-02T10:29:34.874085,4
CSHB2510,3200.0,150 (+4.92%),1.7698 : 1,13666.0,SHB,KIS,Mua,Châu Âu,25/07/2025,30/04/2026,Bình thường,2025-10-02T10:29:34.925946,5
CSHB2511,2330.0,10 (+0.43%),1 : 1,18000.0,SHB,MBS,Mua,Châu Âu,29/09/2025,20/02/2026,Bình thường,2025-10-02T10:29:34.977324,6
CSHB2512,870.0,-60 (-6.45%),2 : 1,20345.0,SHB,KIS,Mua,Châu Âu,26/09/2025,23/12/2025,Bình thường,2025-10-02T10:29:35.030184,7
CSHB2513,1450.0,(0.00%),2 : 1,20567.0,SHB,KIS,Mua,Châu Âu,26/09/2025,23/03/2026,Bình thường,2025-10-02T10:29:35.125502,8
CSHB2514,1600.0,(0.00%),2 : 1,20678.0,SHB,KIS,Mua,Châu Âu,26/09/2025,23/06/2026,Bình thường,2025-10-02T10:29:35.177911,9
CSSB2504,660.0,290 (+78.38%),4 : 1,23123.0,SSB,KIS,Mua,Châu Âu,21/04/2025,19/02/2026,Bình thường,2025-10-02T10:29:49.698971,1
CSSB2505,1090.0,(0.00%),2 : 1,20222.0,SSB,KIS,Mua,Châu Âu,25/07/2025,01/12/2025,Bình thường,2025-10-02T10:29:49.751014,2
CSSB2506,1030.0,110 (+11.96%),2 : 1,20555.0,SSB,KIS,Mua,Châu Âu,25/07/2025,30/01/2026,Bình thường,2025-10-02T10:29:49.803740,3
CSSB2507,600.0,20 (+3.45%),4 : 1,20999.0,SSB,KIS,Mua,Châu Âu,25/07/2025,01/04/2026,Bình thường,2025-10-02T10:29:49.855457,4
CSSB2508,660.0,20 (+3.13%),4 : 1,21666.0,SSB,KIS,Mua,Châu Âu,25/07/2025,30/04/2026,Bình thường,2025-10-02T10:29:49.910928,5
CSSB2509,640.0,-20 (-3.03%),4 : 1,26456.0,SSB,KIS,Mua,Châu Âu,26/09/2025,23/06/2026,Bình thường,2025-10-02T10:29:49.968602,6
CSTB2410,7120.0,-100 (-1.39%),3 : 1,38000.0,STB,ACBS,Mua,Châu Âu,09/12/2024,31/10/2025,Bình thường,2025-10-02T10:29:50.020207,7
CSTB2504,10700.0,50 (+0.47%),2 : 1,38000.0,STB,SSI,Mua,Châu Âu,22/01/2025,23/10/2025,Bình thường,2025-10-02T10:29:50.073015,8
CSTB2505,6440.0,(0.00%),3 : 1,40000.0,STB,BSI,Mua,Châu Âu,10/02/2025,07/10/2025,Bình thường,2025-10-02T10:29:50.120031,9
CSTB2510,4030.0,(0.00%),4 : 1,43999.0,STB,KIS,Mua,Châu Âu,21/04/2025,17/11/2025,Bình thường,2025-10-02T10:30:04.792329,1
CSTB2511,2880.0,(0.00%),4 : 1,44999.0,STB,KIS,Mua,Châu Âu,21/04/2025,17/12/2025,Bình thường,2025-10-02T10:30:04.848183,2
CSTB2512,4020.0,(0.00%),4 : 1,45999.0,STB,KIS,Mua,Châu Âu,21/04/2025,19/02/2026,Bình thường,2025-10-02T10:30:04.899562,3
CSTB2513,5330.0,-30 (-0.56%),4 : 1,39000.0,STB,HCM,Mua,Châu Âu,07/05/2025,08/01/2026,Bình thường,2025-10-02T10:30:04.952423,4
CSTB2514,5520.0,-30 (-0.54%),4 : 1,39500.0,STB,HCM,Mua,Châu Âu,07/05/2025,09/04/2026,Bình thường,2025-10-02T10:30:05.002803,5
CSTB2515,6810.0,-50 (-0.73%),3 : 1,40000.0,STB,ACBS,Mua,Châu Âu,11/06/2025,18/05/2026,Bình thường,2025-10-02T10:30:05.055175,6
CSTB2516,8170.0,-190 (-2.27%),2 : 1,43000.0,STB,SSI,Mua,Châu Âu,16/06/2025,10/10/2025,Bình thường,2025-10-02T10:30:05.106042,7
CSTB2517,7560.0,-170 (-2.20%),2 : 1,45000.0,STB,SSI,Mua,Châu Âu,16/06/2025,11/12/2025,Bình thường,2025-10-02T10:30:05.157423,8
CSTB2518,3920.0,-130 (-3.21%),4 : 1,44000.0,STB,SSV,Mua,Châu Âu,27/06/2025,09/12/2025,Bình thường,2025-10-02T10:30:05.209284,9
CSTB2520,4320.0,-140 (-3.14%),3 : 1,48000.0,STB,VPBankS,Mua,Châu Âu,11/07/2025,19/03/2026,Bình thường,2025-10-02T10:30:19.770227,1
CSTB2521,3710.0,20 (+0.54%),4 : 1,50000.0,STB,SSI,Mua,Châu Âu,17/07/2025,19/06/2026,Bình thường,2025-10-02T10:30:19.827594,2
CSTB2522,1670.0,-90 (-5.11%),5 : 1,54567.0,STB,KIS,Mua,Châu Âu,25/07/2025,01/12/2025,Bình thường,2025-10-02T10:30:19.882450,3
CSTB2523,1200.0,(0.00%),8 : 1,56868.0,STB,KIS,Mua,Châu Âu,25/07/2025,30/04/2026,Bình thường,2025-10-02T10:30:19.944797,4
CSTB2524,2740.0,90 (+3.40%),5 : 1,53900.0,STB,PHS,Mua,Châu Âu,13/08/2025,19/06/2026,Bình thường,2025-10-02T10:30:19.999173,5
CSTB2525,3510.0,10 (+0.29%),4 : 1,57200.0,STB,PHS,Mua,Châu Âu,13/08/2025,21/07/2026,Bình thường,2025-10-02T10:30:20.052030,6
CSTB2526,1600.0,-10 (-0.62%),6 : 1,55000.0,STB,MBS,Mua,Châu Âu,29/09/2025,20/02/2026,Bình thường,2025-10-02T10:30:20.107401,7
CSTB2527,2770.0,390 (+16.39%),5 : 1,66555.0,STB,KIS,Mua,Châu Âu,26/09/2025,23/06/2026,Bình thường,2025-10-02T10:30:20.161257,8
CTCB2403,2810.0,70 (+2.55%),4.8710 : 1,25329.0,TCB,ACBS,Mua,Châu Âu,09/12/2024,31/10/2025,Bình thường,2025-10-02T10:30:20.215631,9
CTCB2504,2720.0,120 (+4.62%),5.8452 : 1,23868.0,TCB,BSI,Mua,Châu Âu,10/02/2025,07/01/2026,Bình thường,2025-10-02T10:30:34.751665,1
CTCB2506,3750.0,120 (+3.31%),3.8968 : 1,24355.0,TCB,HCM,Mua,Châu Âu,25/02/2025,21/10/2025,Bình thường,2025-10-02T10:30:34.804522,2
CTCB2507,4220.0,170 (+4.20%),2.9226 : 1,27765.0,TCB,ACBS,Mua,Châu Âu,11/06/2025,18/05/2026,Bình thường,2025-10-02T10:30:34.858892,3
CTCB2508,4040.0,330 (+8.89%),1.9484 : 1,31174.0,TCB,SSI,Mua,Châu Âu,16/06/2025,10/10/2025,Bình thường,2025-10-02T10:30:34.911751,4
CTCB2509,3500.0,270 (+8.36%),1.9484 : 1,33123.0,TCB,SSI,Mua,Châu Âu,16/06/2025,11/12/2025,Bình thường,2025-10-02T10:30:34.967121,5
CTCB2510,3350.0,150 (+4.69%),2.9226 : 1,30200.0,TCB,VPBankS,Mua,Châu Âu,11/07/2025,19/12/2025,Bình thường,2025-10-02T10:30:35.021973,6
CTCB2511,2500.0,110 (+4.60%),2.9226 : 1,34097.0,TCB,VPBankS,Mua,Châu Âu,11/07/2025,19/03/2026,Bình thường,2025-10-02T10:30:35.078340,7
CTCB2512,3950.0,340 (+9.42%),1.9484 : 1,36045.0,TCB,SSI,Mua,Châu Âu,17/07/2025,19/06/2026,Bình thường,2025-10-02T10:30:35.134193,8
CTCB2513,1120.0,(0.00%),4.8710 : 1,40807.0,TCB,KIS,Mua,Châu Âu,25/07/2025,01/12/2025,Bình thường,2025-10-02T10:30:35.190556,9
CTCB2515,1150.0,-90 (-7.26%),4.8710 : 1,44812.0,TCB,KIS,Mua,Châu Âu,26/09/2025,23/12/2025,Bình thường,2025-10-02T10:30:47.889770,1
CTCB2516,1580.0,(0.00%),4.8710 : 1,45202.0,TCB,KIS,Mua,Châu Âu,26/09/2025,23/03/2026,Bình thường,2025-10-02T10:30:47.944623,2
CTCB2517,1970.0,(0.00%),4.8710 : 1,45582.0,TCB,KIS,Mua,Châu Âu,26/09/2025,23/06/2026,Bình thường,2025-10-02T10:30:48.001985,3
CTPB2502,3580.0,10 (+0.28%),1.8644 : 1,13051.0,TPB,HCM,Mua,Châu Âu,07/05/2025,08/01/2026,Bình thường,2025-10-02T10:30:48.054844,4
CTPB2503,3510.0,20 (+0.57%),2 : 1,13000.0,TPB,ACBS,Mua,Châu Âu,11/06/2025,18/05/2026,Bình thường,2025-10-02T10:30:48.106225,5
CTPB2504,3330.0,(0.00%),2 : 1,13000.0,TPB,VPBankS,Mua,Châu Âu,11/07/2025,19/12/2025,Bình thường,2025-10-02T10:30:48.160084,6
CTPB2505,1710.0,60 (+3.64%),4 : 1,15678.0,TPB,KIS,Mua,Châu Âu,25/07/2025,27/02/2026,Bình thường,2025-10-02T10:30:48.212459,7
CTPB2506,2320.0,50 (+2.20%),2 : 1,17700.0,TPB,PHS,Mua,Châu Âu,13/08/2025,21/07/2026,Bình thường,2025-10-02T10:30:48.262328,8
CTPB2507,700.0,-20 (-2.78%),2 : 1,22000.0,TPB,MBS,Mua,Châu Âu,29/09/2025,20/02/2026,Bình thường,2025-10-02T10:30:48.315700,9
CTPB2509,1490.0,(0.00%),2 : 1,25799.0,TPB,KIS,Mua,Châu Âu,26/09/2025,23/03/2026,Bình thường,2025-10-02T10:31:01.117028,1
CTPB2510,2190.0,(0.00%),2 : 1,25899.0,TPB,KIS,Mua,Châu Âu,26/09/2025,23/06/2026,Bình thường,2025-10-02T10:31:01.170884,2
CVHM2408,16350.0,(0.00%),4 : 1,38000.0,VHM,ACBS,Mua,Châu Âu,09/12/2024,31/10/2025,Bình thường,2025-10-02T10:31:01.226255,3
CVHM2502,11050.0,(0.00%),5 : 1,45000.0,VHM,SSI,Mua,Châu Âu,22/01/2025,23/10/2025,Bình thường,2025-10-02T10:31:01.278117,4
CVHM2503,8300.0,-390 (-4.49%),7 : 1,42000.0,VHM,BSI,Mua,Châu Âu,10/02/2025,07/04/2026,Bình thường,2025-10-02T10:31:01.325506,5
CVHM2507,9760.0,(0.00%),5 : 1,53333.0,VHM,KIS,Mua,Châu Âu,21/04/2025,16/10/2025,Bình thường,2025-10-02T10:31:01.376370,6
CVHM2508,9630.0,(0.00%),5 : 1,54444.0,VHM,KIS,Mua,Châu Âu,21/04/2025,17/11/2025,Bình thường,2025-10-02T10:31:01.429746,7
CVHM2509,9590.0,(0.00%),5 : 1,56666.0,VHM,KIS,Mua,Châu Âu,21/04/2025,17/12/2025,Bình thường,2025-10-02T10:31:01.485596,8
CVHM2510,11300.0,(0.00%),4 : 1,57500.0,VHM,HCM,Mua,Châu Âu,07/05/2025,08/01/2026,Bình thường,2025-10-02T10:31:01.536976,9
CVHM2512,11050.0,"-1,400 (-11.24%)",4 : 1,58000.0,VHM,ACBS,Mua,Châu Âu,11/06/2025,18/05/2026,Bình thường,2025-10-02T10:31:14.234352,1
CVHM2513,5180.0,-280 (-5.13%),5 : 1,74000.0,VHM,SSI,Mua,Châu Âu,16/06/2025,10/10/2025,Bình thường,2025-10-02T10:31:14.285727,2
CVHM2514,5900.0,-260 (-4.22%),5 : 1,72000.0,VHM,SSI,Mua,Châu Âu,16/06/2025,11/12/2025,Bình thường,2025-10-02T10:31:14.337591,3
CVHM2515,5600.0,(0.00%),5 : 1,61000.0,VHM,VPBankS,Mua,Châu Âu,11/07/2025,19/12/2025,Bình thường,2025-10-02T10:31:14.386974,4
CVHM2516,7600.0,-410 (-5.12%),4 : 1,79000.0,VHM,SSI,Mua,Châu Âu,17/07/2025,19/06/2026,Bình thường,2025-10-02T10:31:14.443824,5
CVHM2517,3720.0,(0.00%),5 : 1,88888.0,VHM,KIS,Mua,Châu Âu,25/07/2025,01/12/2025,Bình thường,2025-10-02T10:31:14.493205,6
CVHM2518,3350.0,-120 (-3.46%),8 : 1,90999.0,VHM,KIS,Mua,Châu Âu,25/07/2025,30/04/2026,Bình thường,2025-10-02T10:31:14.549570,7
CVHM2519,2800.0,-210 (-6.98%),7 : 1,108200.0,VHM,PHS,Mua,Châu Âu,13/08/2025,21/05/2026,Bình thường,2025-10-02T10:31:14.599437,8
CVHM2520,4920.0,(0.00%),5 : 1,111900.0,VHM,PHS,Mua,Châu Âu,13/08/2025,21/07/2026,Bình thường,2025-10-02T10:31:14.650816,9
CVHM2522,2880.0,-100 (-3.36%),8 : 1,117688.0,VHM,KIS,Mua,Châu Âu,26/09/2025,23/06/2026,Bình thường,2025-10-02T10:31:28.444593,1
CVIB2407,2900.0,(0.00%),1.9237 : 1,17313.0,VIB,ACBS,Mua,Châu Âu,09/12/2024,31/10/2025,Bình thường,2025-10-02T10:31:28.500961,2
CVIB2502,1530.0,-10 (-0.65%),1.9237 : 1,20199.0,VIB,SSI,Mua,Châu Âu,22/01/2025,23/10/2025,Bình thường,2025-10-02T10:31:28.556812,3
CVIB2504,2480.0,-40 (-1.59%),1.7565 : 1,16687.0,VIB,ACBS,Mua,Châu Âu,11/06/2025,18/05/2026,Bình thường,2025-10-02T10:31:28.612182,4
CVIB2505,2440.0,130 (+5.63%),1.7565 : 1,16687.0,VIB,SSI,Mua,Châu Âu,16/06/2025,11/12/2025,Bình thường,2025-10-02T10:31:28.667033,5
CVIB2506,2470.0,50 (+2.07%),1.7565 : 1,15808.0,VIB,SSI,Mua,Châu Âu,16/06/2025,10/10/2025,Bình thường,2025-10-02T10:31:28.722408,6
CVIB2507,3470.0,50 (+1.46%),1.7565 : 1,14930.0,VIB,VPBankS,Mua,Châu Âu,11/07/2025,19/12/2025,Bình thường,2025-10-02T10:31:28.791742,7
CVIB2508,2870.0,80 (+2.87%),2 : 1,19000.0,VIB,SSI,Mua,Châu Âu,17/07/2025,19/06/2026,Bình thường,2025-10-02T10:31:28.860556,8
CVIB2509,1010.0,-90 (-8.18%),3.51 : 1,18388.0,VIB,KIS,Mua,Châu Âu,25/07/2025,01/12/2025,Bình thường,2025-10-02T10:31:28.926895,9
CVIB2511,960.0,-40 (-4%),2 : 1,21000.0,VIB,MBS,Mua,Châu Âu,29/09/2025,20/02/2026,Bình thường,2025-10-02T10:31:43.428705,1
CVIC2502,25850.0,210 (+0.82%),5 : 1,40000.0,VIC,SSI,Mua,Châu Âu,22/01/2025,23/10/2025,Bình thường,2025-10-02T10:31:43.478572,2
CVIC2506,21300.0,(0.00%),5 : 1,57777.0,VIC,KIS,Mua,Châu Âu,21/04/2025,16/10/2025,Bình thường,2025-10-02T10:31:43.531946,3
CVIC2507,17300.0,(0.00%),5 : 1,58888.0,VIC,KIS,Mua,Châu Âu,21/04/2025,17/11/2025,Bình thường,2025-10-02T10:31:43.583808,4
CVIC2508,18070.0,(0.00%),5 : 1,60999.0,VIC,KIS,Mua,Châu Âu,21/04/2025,17/12/2025,Bình thường,2025-10-02T10:31:43.641200,5
CVIC2509,26890.0,570 (+2.17%),4 : 1,68000.0,VIC,HCM,Mua,Châu Âu,07/05/2025,08/01/2026,Bình thường,2025-10-02T10:31:43.693061,6
CVIC2510,8230.0,370 (+4.71%),8 : 1,109999.0,VIC,KIS,Mua,Châu Âu,25/07/2025,01/12/2025,Bình thường,2025-10-02T10:31:43.747437,7
CVIC2511,8480.0,-90 (-1.05%),8 : 1,113979.0,VIC,KIS,Mua,Châu Âu,25/07/2025,30/04/2026,Bình thường,2025-10-02T10:31:43.800294,8
CVIC2513,6130.0,70 (+1.16%),10 : 1,146999.0,VIC,KIS,Mua,Châu Âu,26/09/2025,21/05/2026,Bình thường,2025-10-02T10:31:43.851674,9
CVJC2504,1790.0,10 (+0.56%),20 : 1,97979.0,VJC,KIS,Mua,Châu Âu,25/07/2025,01/12/2025,Bình thường,2025-10-02T10:31:58.475027,1
CVJC2505,1760.0,20 (+1.15%),20 : 1,106868.0,VJC,KIS,Mua,Châu Âu,25/07/2025,27/02/2026,Bình thường,2025-10-02T10:31:58.529880,2
CVJC2506,1590.0,-10 (-0.63%),10 : 1,167799.0,VJC,KIS,Mua,Châu Âu,26/09/2025,23/06/2026,Bình thường,2025-10-02T10:31:58.590263,3
CVNM2407,530.0,10 (+1.92%),5.7499 : 1,65165.0,VNM,ACBS,Mua,Châu Âu,09/12/2024,31/10/2025,Bình thường,2025-10-02T10:31:58.641127,4
CVNM2502,400.0,40 (+11.11%),4.7904 : 1,63249.0,VNM,SSI,Mua,Châu Âu,22/01/2025,23/10/2025,Bình thường,2025-10-02T10:31:58.696497,5
CVNM2503,1000.0,-90 (-8.26%),4.7904 : 1,66123.0,VNM,SSI,Mua,Châu Âu,22/01/2025,24/03/2026,Bình thường,2025-10-02T10:31:58.755342,6
CVNM2504,160.0,-110 (-40.74%),5.7949 : 1,62778.0,VNM,BSI,Mua,Châu Âu,10/02/2025,07/10/2025,Bình thường,2025-10-02T10:31:58.810707,7
CVNM2508,430.0,100 (+30.30%),7.7265 : 1,67606.0,VNM,KIS,Mua,Châu Âu,21/04/2025,17/11/2025,Bình thường,2025-10-02T10:31:58.864566,8
CVNM2509,640.0,10 (+1.59%),7.7265 : 1,69537.0,VNM,KIS,Mua,Châu Âu,21/04/2025,19/02/2026,Bình thường,2025-10-02T10:31:58.915946,9
CVNM2511,1880.0,-50 (-2.59%),6 : 1,55000.0,VNM,ACBS,Mua,Châu Âu,11/06/2025,18/05/2026,Bình thường,2025-10-02T10:32:13.436292,1
CVNM2512,720.0,(0.00%),4.83 : 1,58915.0,VNM,SSI,Mua,Châu Âu,16/06/2025,10/10/2025,Bình thường,2025-10-02T10:32:13.494139,2
CVNM2513,960.0,-60 (-5.88%),4.83 : 1,60846.0,VNM,SSI,Mua,Châu Âu,16/06/2025,11/12/2025,Bình thường,2025-10-02T10:32:13.548509,3
CVNM2514,1230.0,-10 (-0.81%),8 : 1,56000.0,VNM,VPBankS,Mua,Châu Âu,11/07/2025,21/01/2026,Bình thường,2025-10-02T10:32:13.598379,4
CVNM2515,2440.0,(0.00%),4 : 1,60000.0,VNM,SSI,Mua,Châu Âu,17/07/2025,19/06/2026,Bình thường,2025-10-02T10:32:13.646765,5
CVNM2516,540.0,(0.00%),8 : 1,63999.0,VNM,KIS,Mua,Châu Âu,25/07/2025,01/12/2025,Bình thường,2025-10-02T10:32:13.705610,6
CVNM2517,510.0,-10 (-1.92%),10 : 1,66888.0,VNM,KIS,Mua,Châu Âu,25/07/2025,30/01/2026,Bình thường,2025-10-02T10:32:13.758982,7
CVNM2518,810.0,(0.00%),10 : 1,68111.0,VNM,KIS,Mua,Châu Âu,25/07/2025,01/04/2026,Bình thường,2025-10-02T10:32:13.812359,8
CVNM2519,800.0,20 (+2.56%),10 : 1,68999.0,VNM,KIS,Mua,Châu Âu,25/07/2025,30/04/2026,Bình thường,2025-10-02T10:32:13.864220,9
CVNM2521,1200.0,(0.00%),10 : 1,70399.0,VNM,KIS,Mua,Châu Âu,26/09/2025,23/06/2026,Bình thường,2025-10-02T10:32:28.442706,1
CVPB2409,5140.0,50 (+0.98%),1.9471 : 1,21418.0,VPB,ACBS,Mua,Châu Âu,09/12/2024,31/10/2025,Bình thường,2025-10-02T10:32:28.492089,2
CVPB2501,6110.0,90 (+1.50%),1.9471 : 1,19471.0,VPB,SSI,Mua,Châu Âu,22/01/2025,23/10/2025,Bình thường,2025-10-02T10:32:28.541957,3
CVPB2502,6150.0,260 (+4.41%),1.9471 : 1,20444.0,VPB,SSI,Mua,Châu Âu,22/01/2025,24/03/2026,Bình thường,2025-10-02T10:32:28.595326,4
CVPB2504,4350.0,50 (+1.16%),2.9206 : 1,19471.0,VPB,BSI,Mua,Châu Âu,10/02/2025,07/04/2026,Bình thường,2025-10-02T10:32:28.645197,5
CVPB2506,5970.0,70 (+1.19%),1.9471 : 1,19666.0,VPB,SSV,Mua,Châu Âu,05/03/2025,02/10/2025,Bình thường,2025-10-02T10:32:28.701558,6
CVPB2509,4720.0,50 (+1.07%),1.9471 : 1,22066.0,VPB,KIS,Mua,Châu Âu,21/04/2025,17/11/2025,Bình thường,2025-10-02T10:32:28.756926,7
CVPB2510,5340.0,70 (+1.33%),1.9471 : 1,23040.0,VPB,KIS,Mua,Châu Âu,21/04/2025,19/02/2026,Bình thường,2025-10-02T10:32:28.808787,8
CVPB2511,7010.0,70 (+1.01%),1.9471 : 1,18011.0,VPB,HCM,Mua,Châu Âu,07/05/2025,08/01/2026,Bình thường,2025-10-02T10:32:28.862159,9
CVPB2513,6990.0,30 (+0.43%),2 : 1,18000.0,VPB,ACBS,Mua,Châu Âu,11/06/2025,18/05/2026,Bình thường,2025-10-02T10:32:43.521687,1
CVPB2514,7070.0,170 (+2.46%),1.95 : 1,17524.0,VPB,SSI,Mua,Châu Âu,16/06/2025,10/10/2025,Bình thường,2025-10-02T10:32:43.574544,2
CVPB2515,6680.0,120 (+1.83%),1.95 : 1,18497.0,VPB,SSI,Mua,Châu Âu,16/06/2025,11/12/2025,Bình thường,2025-10-02T10:32:43.623929,3
CVPB2516,6460.0,120 (+1.89%),2 : 1,20000.0,VPB,SSI,Mua,Châu Âu,17/07/2025,19/06/2026,Bình thường,2025-10-02T10:32:43.674794,4
CVPB2517,2920.0,50 (+1.74%),4 : 1,19999.0,VPB,KIS,Mua,Châu Âu,25/07/2025,01/12/2025,Bình thường,2025-10-02T10:32:43.725175,5
CVPB2518,2810.0,(0.00%),4 : 1,20999.0,VPB,KIS,Mua,Châu Âu,25/07/2025,30/01/2026,Bình thường,2025-10-02T10:32:43.775043,6
CVPB2519,2710.0,(0.00%),4 : 1,21888.0,VPB,KIS,Mua,Châu Âu,25/07/2025,01/04/2026,Bình thường,2025-10-02T10:32:43.824430,7
CVPB2520,2710.0,(0.00%),4 : 1,22222.0,VPB,KIS,Mua,Châu Âu,25/07/2025,30/04/2026,Bình thường,2025-10-02T10:32:43.875297,8
CVPB2521,3770.0,(0.00%),3 : 1,22150.0,VPB,PHS,Mua,Châu Âu,13/08/2025,21/07/2026,Bình thường,2025-10-02T10:32:43.929670,9
CVPB2523,3120.0,10 (+0.32%),2 : 1,28000.0,VPB,MBS,Mua,Châu Âu,29/09/2025,20/02/2026,Bình thường,2025-10-02T10:32:56.609939,1
CVPB2524,1060.0,(0.00%),4 : 1,43111.0,VPB,KIS,Mua,Châu Âu,26/09/2025,23/06/2026,Bình thường,2025-10-02T10:32:56.664660,2
CVRE2407,8430.0,-40 (-0.47%),2 : 1,16000.0,VRE,ACBS,Mua,Châu Âu,09/12/2024,31/10/2025,Bình thường,2025-10-02T10:32:56.716936,3
CVRE2503,7520.0,-90 (-1.18%),2 : 1,18000.0,VRE,SSI,Mua,Châu Âu,22/01/2025,23/10/2025,Bình thường,2025-10-02T10:32:56.772699,4
CVRE2505,7130.0,"1,150 (+19.23%)",2 : 1,17000.0,VRE,HCM,Mua,Châu Âu,25/02/2025,21/10/2025,Bình thường,2025-10-02T10:32:56.826555,5
CVRE2508,2960.0,(0.00%),4 : 1,20888.0,VRE,KIS,Mua,Châu Âu,21/04/2025,16/10/2025,Bình thường,2025-10-02T10:32:56.876938,6
CVRE2509,2660.0,(0.00%),4 : 1,21555.0,VRE,KIS,Mua,Châu Âu,21/04/2025,17/11/2025,Bình thường,2025-10-02T10:32:56.927805,7
CVRE2510,2970.0,(0.00%),4 : 1,22111.0,VRE,KIS,Mua,Châu Âu,21/04/2025,17/12/2025,Bình thường,2025-10-02T10:32:56.986162,8
CVRE2511,6490.0,(0.00%),2 : 1,21500.0,VRE,HCM,Mua,Châu Âu,07/05/2025,09/04/2026,Bình thường,2025-10-02T10:32:57.040017,9
CVRE2513,2270.0,-260 (-10.28%),2 : 1,30000.0,VRE,SSI,Mua,Châu Âu,16/06/2025,11/12/2025,Bình thường,2025-10-02T10:33:09.792171,1
CVRE2514,1520.0,-100 (-6.17%),2 : 1,30000.0,VRE,SSI,Mua,Châu Âu,16/06/2025,10/10/2025,Bình thường,2025-10-02T10:33:09.850530,2
CVRE2515,2000.0,(0.00%),2 : 1,24000.0,VRE,VPBankS,Mua,Châu Âu,11/07/2025,19/12/2025,Bình thường,2025-10-02T10:33:09.904899,3
CVRE2516,4930.0,-140 (-2.76%),2 : 1,26000.0,VRE,SSI,Mua,Châu Âu,17/07/2025,19/06/2026,Bình thường,2025-10-02T10:33:09.957758,4
CVRE2517,3270.0,-100 (-2.97%),2 : 1,27999.0,VRE,KIS,Mua,Châu Âu,25/07/2025,01/12/2025,Bình thường,2025-10-02T10:33:10.009136,5
CVRE2518,2200.0,-130 (-5.58%),4 : 1,28999.0,VRE,KIS,Mua,Châu Âu,25/07/2025,30/04/2026,Bình thường,2025-10-02T10:33:10.070971,6
CVRE2519,2160.0,(0.00%),4 : 1,29999.0,VRE,KIS,Mua,Châu Âu,25/07/2025,01/06/2026,Bình thường,2025-10-02T10:33:10.128335,7
CVRE2520,2100.0,(0.00%),3 : 1,32700.0,VRE,PHS,Mua,Châu Âu,13/08/2025,19/06/2026,Bình thường,2025-10-02T10:33:10.181194,8
CVRE2521,2400.0,(0.00%),2 : 1,35700.0,VRE,PHS,Mua,Châu Âu,13/08/2025,21/07/2026,Bình thường,2025-10-02T10:33:10.235568,9
CVRE2523,1390.0,-40 (-2.80%),4 : 1,34999.0,VRE,KIS,Mua,Châu Âu,26/09/2025,23/03/2026,Bình thường,2025-10-02T10:33:22.935500,1
CVRE2524,1780.0,(0.00%),4 : 1,35888.0,VRE,KIS,Mua,Châu Âu,26/09/2025,23/06/2026,Bình thường,2025-10-02T10:33:22.985369,2
CACB2101,410.0,30 (+7.89%),4 : 1,31400.0,ACB,MBS,Mua,Châu Âu,07/10/2021,19/01/2022,Hết hiệu lực,2025-10-02T10:33:23.032248,3
CACB2102,10.0,(0.00%),1.6013 : 1,28023.0,ACB,SSI,Mua,Châu Âu,24/11/2021,29/06/2022,Hết hiệu lực,2025-10-02T10:33:23.081628,4
CACB2103,20.0,-20 (-50%),1 : 1,37000.0,ACB,VCI,Mua,Châu Âu,22/12/2021,20/05/2022,Hết hiệu lực,2025-10-02T10:33:23.133493,5
CACB2201,10.0,(0.00%),3.2026 : 1,28423.0,ACB,HCM,Mua,Châu Âu,12/01/2022,16/09/2022,Hết hiệu lực,2025-10-02T10:33:23.189856,6
CACB2202,350.0,(0.00%),2.4019 : 1,28103.0,ACB,MBS,Mua,Châu Âu,01/03/2022,07/06/2022,Hết hiệu lực,2025-10-02T10:33:23.241234,7
CACB2203,10.0,-10 (-50%),2.4019 : 1,26421.0,ACB,MBS,Mua,Châu Âu,17/05/2022,17/10/2022,Hết hiệu lực,2025-10-02T10:33:23.291101,8
CACB2204,10.0,(0.00%),1.6013 : 1,26021.0,ACB,HCM,Mua,Châu Âu,01/06/2022,03/11/2022,Hết hiệu lực,2025-10-02T10:33:23.338490,9
CACB2206,10.0,(0.00%),2 : 1,25500.0,ACB,SSI,Mua,Châu Âu,22/09/2022,30/12/2022,Hết hiệu lực,2025-10-02T10:33:37.172720,1
CACB2207,10.0,(0.00%),4 : 1,25500.0,ACB,SSI,Mua,Châu Âu,22/09/2022,29/03/2023,Hết hiệu lực,2025-10-02T10:33:37.221105,2
CACB2208,1240.0,20 (+1.64%),3.3386 : 1,17945.0,ACB,HCM,Mua,Châu Âu,17/01/2023,01/09/2023,Hết hiệu lực,2025-10-02T10:33:37.267981,3
CACB2301,150.0,20 (+15.38%),1.6693 : 1,23120.0,ACB,VCI,Mua,Châu Âu,13/03/2023,03/08/2023,Hết hiệu lực,2025-10-02T10:33:37.320355,4
CACB2302,10.0,-40 (-80%),4 : 1,22000.0,ACB,SSI,Mua,Châu Âu,24/08/2023,30/11/2023,Hết hiệu lực,2025-10-02T10:33:37.370225,5
CACB2303,860.0,-70 (-7.53%),4 : 1,22500.0,ACB,SSI,Mua,Châu Âu,24/08/2023,29/01/2024,Hết hiệu lực,2025-10-02T10:33:37.428582,6
CACB2304,2520.0,80 (+3.28%),2.5204 : 1,19323.0,ACB,BSI,Mua,Châu Âu,19/10/2023,23/09/2024,Hết hiệu lực,2025-10-02T10:33:37.478962,7
CACB2305,1070.0,-20 (-1.83%),5.0408 : 1,20163.0,ACB,SSI,Mua,Châu Âu,30/10/2023,07/10/2024,Hết hiệu lực,2025-10-02T10:33:37.531820,8
CACB2306,2300.0,-20 (-0.86%),2.5204 : 1,18483.0,ACB,VND,Mua,Châu Âu,13/12/2023,18/07/2024,Hết hiệu lực,2025-10-02T10:33:37.581203,9
CACB2401,1930.0,-210 (-9.81%),1.6803 : 1,21003.0,ACB,VCI,Mua,Châu Âu,05/02/2024,17/06/2024,Hết hiệu lực,2025-10-02T10:33:52.164984,1
CACB2402,30.0,-40 (-57.14%),2 : 1,26000.0,ACB,SSI,Mua,Châu Âu,08/07/2024,10/10/2024,Hết hiệu lực,2025-10-02T10:33:52.215595,2
CACB2403,10.0,(0.00%),4 : 1,25000.0,ACB,SSI,Mua,Châu Âu,20/11/2024,24/04/2025,Hết hiệu lực,2025-10-02T10:33:52.264834,3
CACB2404,630.0,40 (+6.78%),3.3425 : 1,20890.0,ACB,SSI,Mua,Châu Âu,20/11/2024,24/07/2025,Hết hiệu lực,2025-10-02T10:33:52.314104,4
CACB2405,370.0,330 (+825%),4 : 1,25500.0,ACB,MBS,Mua,Châu Âu,09/12/2024,12/05/2025,Hết hiệu lực,2025-10-02T10:33:52.363195,5
CACB2501,1060.0,70 (+7.07%),2.5068 : 1,20473.0,ACB,VPBankS,Mua,Châu Âu,15/01/2025,24/07/2025,Hết hiệu lực,2025-10-02T10:33:52.421353,6
CACB2504,10.0,(0.00%),2 : 1,26000.0,ACB,SSI,Mua,Châu Âu,22/01/2025,22/05/2025,Hết hiệu lực,2025-10-02T10:33:52.471663,7
CACB2506,70.0,(0.00%),1.6712 : 1,22896.0,ACB,VCI,Mua,Châu Âu,10/02/2025,26/06/2025,Hết hiệu lực,2025-10-02T10:33:52.520997,8
CCTD2001,40.0,-100 (-71.43%),9.6226 : 1,77836.0,CTD,KIS,Mua,Châu Âu,11/05/2020,14/12/2020,Hết hiệu lực,2025-10-02T10:33:52.577043,9
CDPM2001,290.0,-510 (-63.75%),1.8689 : 1,13612.0,DPM,KIS,Mua,Châu Âu,13/01/2020,17/06/2020,Hết hiệu lực,2025-10-02T10:34:07.242232,1
CDPM2002,4100.0,-20 (-0.49%),0.9193 : 1,14022.0,DPM,KIS,Mua,Châu Âu,19/02/2020,14/12/2020,Hết hiệu lực,2025-10-02T10:34:07.294098,2
CEIB2001,390.0,(0.00%),10 : 1,18818.0,EIB,KIS,Mua,Châu Âu,24/12/2020,01/04/2021,Hết hiệu lực,2025-10-02T10:34:07.347466,3
CFPT1901,4700.0,400 (+9.30%),1.9624 : 1,44154.0,FPT,VND,Mua,Châu Âu,28/06/2019,09/09/2019,Hết hiệu lực,2025-10-02T10:34:07.400329,4
CFPT1902,12290.0,490 (+4.15%),0.9812 : 1,45135.0,FPT,SSI,Mua,Châu Âu,12/07/2019,26/09/2019,Hết hiệu lực,2025-10-02T10:34:07.455693,5
CFPT1903,12250.0,600 (+5.15%),0.9812 : 1,45135.0,FPT,SSI,Mua,Châu Âu,12/07/2019,26/12/2019,Hết hiệu lực,2025-10-02T10:34:07.508069,6
CFPT1904,2440.0,240 (+10.91%),3 : 1,52000.0,FPT,MBS,Mua,Châu Âu,06/09/2019,15/11/2019,Hết hiệu lực,2025-10-02T10:34:07.560927,7
CFPT1905,130.0,-20 (-13.33%),1 : 1,55000.0,FPT,SSI,Mua,Châu Âu,24/10/2019,20/04/2020,Hết hiệu lực,2025-10-02T10:34:07.612306,8
CFPT1906,10.0,(0.00%),5 : 1,57000.0,FPT,HCM,Mua,Châu Âu,25/10/2019,06/04/2020,Hết hiệu lực,2025-10-02T10:34:07.670153,9
CFPT1908,300.0,-180 (-37.50%),2.5616 : 1,46108.0,FPT,MBS,Mua,Châu Âu,03/01/2020,15/06/2020,Hết hiệu lực,2025-10-02T10:34:20.380084,1
CFPT2001,90.0,-90 (-50%),4.2693 : 1,47816.0,FPT,HCM,Mua,Châu Âu,22/01/2020,18/06/2020,Hết hiệu lực,2025-10-02T10:34:20.431496,2
CFPT2002,20.0,-80 (-80%),1.7077 : 1,49524.0,FPT,VCI,Mua,Châu Âu,14/02/2020,20/07/2020,Hết hiệu lực,2025-10-02T10:34:20.483992,3
CFPT2003,12930.0,-470 (-3.51%),0.8360 : 1,41800.0,FPT,SSI,Mua,Châu Âu,23/04/2020,05/11/2020,Hết hiệu lực,2025-10-02T10:34:20.539164,4
CFPT2004,4880.0,-100 (-2.01%),0.8539 : 1,42693.0,FPT,SSI,Mua,Châu Âu,23/04/2020,06/08/2020,Hết hiệu lực,2025-10-02T10:34:20.596086,5
CFPT2005,4960.0,-820 (-14.19%),0.8539 : 1,41839.0,FPT,VND,Mua,Châu Âu,27/04/2020,29/06/2020,Hết hiệu lực,2025-10-02T10:34:20.650204,6
CFPT2006,2650.0,150 (+6%),4.1807 : 1,43457.0,FPT,HCM,Mua,Châu Âu,16/06/2020,27/10/2020,Hết hiệu lực,2025-10-02T10:34:20.702458,7
CFPT2007,2050.0,-90 (-4.21%),4.8954 : 1,42590.0,FPT,MBS,Mua,Châu Âu,14/07/2020,21/10/2020,Hết hiệu lực,2025-10-02T10:34:20.752002,8
CFPT2008,3490.0,90 (+2.65%),4.8954 : 1,46996.0,FPT,HCM,Mua,Châu Âu,10/08/2020,12/01/2021,Hết hiệu lực,2025-10-02T10:34:20.805016,9
CFPT2010,24230.0,-320 (-1.30%),1 : 1,52000.0,FPT,VND,Mua,Châu Âu,22/10/2020,26/03/2021,Hết hiệu lực,2025-10-02T10:34:33.626327,1
CFPT2011,5640.0,"1,080 (+23.68%)",5 : 1,48000.0,FPT,HCM,Mua,Châu Âu,27/10/2020,30/03/2021,Hết hiệu lực,2025-10-02T10:34:33.677708,2
CFPT2012,6050.0,-20 (-0.33%),5 : 1,51000.0,FPT,HCM,Mua,Châu Âu,27/10/2020,30/04/2021,Hết hiệu lực,2025-10-02T10:34:33.732974,3
CFPT2013,13450.0,-410 (-2.96%),2 : 1,52000.0,FPT,BSI,Mua,Châu Âu,28/10/2020,06/04/2021,Hết hiệu lực,2025-10-02T10:34:33.783469,4
CFPT2014,12000.0,(0.00%),2 : 1,55000.0,FPT,VCI,Mua,Châu Âu,29/10/2020,07/04/2021,Hết hiệu lực,2025-10-02T10:34:33.845315,5
CFPT2015,6100.0,-170 (-2.71%),5 : 1,50000.0,FPT,SSI,Mua,Châu Âu,16/11/2020,18/03/2021,Hết hiệu lực,2025-10-02T10:34:33.906041,6
CFPT2016,9320.0,320 (+3.56%),4.3054 : 1,43054.0,FPT,SSI,Mua,Châu Âu,16/11/2020,18/06/2021,Hết hiệu lực,2025-10-02T10:34:33.966484,7
CFPT2017,6700.0,(0.00%),4 : 1,54800.0,FPT,MBS,Mua,Châu Âu,31/12/2020,22/04/2021,Hết hiệu lực,2025-10-02T10:34:34.023483,8
CFPT2101,4500.0,110 (+2.51%),5.1665 : 1,64151.0,FPT,MBS,Mua,Châu Âu,05/03/2021,01/07/2021,Hết hiệu lực,2025-10-02T10:34:34.086409,9
CFPT2103,80.0,10 (+14.29%),4.9474 : 1,98947.0,FPT,HCM,Mua,Châu Âu,05/08/2021,05/01/2022,Hết hiệu lực,2025-10-02T10:34:46.822760,1
CFPT2104,1850.0,-100 (-5.13%),9.89 : 1,79158.0,FPT,ACBS,Mua,Châu Âu,24/08/2021,02/12/2021,Hết hiệu lực,2025-10-02T10:34:46.889408,2
CFPT2105,1620.0,(0.00%),4.95 : 1,85095.0,FPT,SSI,Mua,Châu Âu,27/08/2021,04/01/2022,Hết hiệu lực,2025-10-02T10:34:46.943046,3
CFPT2106,500.0,-30 (-5.66%),8 : 1,89300.0,FPT,MBS,Mua,Châu Âu,17/09/2021,06/01/2022,Hết hiệu lực,2025-10-02T10:34:47.007628,4
CFPT2107,10.0,(0.00%),12 : 1,98000.0,FPT,VND,Mua,Châu Âu,19/10/2021,24/01/2022,Hết hiệu lực,2025-10-02T10:34:47.070012,5
CFPT2108,240.0,-330 (-57.89%),4.9527 : 1,88187.0,FPT,VND,Mua,Châu Âu,26/10/2021,04/07/2022,Hết hiệu lực,2025-10-02T10:34:47.133970,6
CFPT2109,1770.0,80 (+4.73%),8 : 1,96000.0,FPT,HCM,Mua,Châu Âu,29/10/2021,06/04/2022,Hết hiệu lực,2025-10-02T10:34:47.195983,7
CFPT2110,10.0,-10 (-50%),5 : 1,105000.0,FPT,SSI,Mua,Châu Âu,24/11/2021,25/02/2022,Hết hiệu lực,2025-10-02T10:34:47.249163,8
CFPT2111,30.0,10 (+50%),5 : 1,106000.0,FPT,VCI,Mua,Châu Âu,22/12/2021,20/05/2022,Hết hiệu lực,2025-10-02T10:34:47.303089,9
CFPT2202,1900.0,30 (+1.60%),8.2546 : 1,74043.0,FPT,MBS,Mua,Châu Âu,01/03/2022,22/06/2022,Hết hiệu lực,2025-10-02T10:35:00.003498,1
CFPT2203,1940.0,30 (+1.57%),3.3018 : 1,78418.0,FPT,VND,Mua,Châu Âu,21/03/2022,28/07/2022,Hết hiệu lực,2025-10-02T10:35:00.055872,2
CFPT2204,20.0,10 (+100%),8.1552 : 1,86492.0,FPT,MBS,Mua,Châu Âu,08/07/2022,05/12/2022,Hết hiệu lực,2025-10-02T10:35:00.109730,3
CFPT2205,10.0,(0.00%),5.9310 : 1,91931.0,FPT,VCI,Mua,Châu Âu,02/08/2022,11/01/2023,Hết hiệu lực,2025-10-02T10:35:00.163100,4
CFPT2206,20.0,(0.00%),4.9425 : 1,90943.0,FPT,VND,Mua,Châu Âu,18/08/2022,08/12/2022,Hết hiệu lực,2025-10-02T10:35:00.217476,5
CFPT2207,410.0,100 (+32.26%),5.9310 : 1,74138.0,FPT,VND,Mua,Châu Âu,18/08/2022,08/12/2022,Hết hiệu lực,2025-10-02T10:35:00.270334,6
CFPT2208,10.0,(0.00%),4 : 1,85000.0,FPT,SSI,Mua,Châu Âu,22/09/2022,30/12/2022,Hết hiệu lực,2025-10-02T10:35:00.323705,7
CFPT2209,10.0,(0.00%),10 : 1,88000.0,FPT,SSI,Mua,Châu Âu,22/09/2022,29/03/2023,Hết hiệu lực,2025-10-02T10:35:00.382548,8
CFPT2210,2000.0,-70 (-3.38%),8.4983 : 1,76485.0,FPT,SSI,Mua,Châu Âu,22/09/2022,29/08/2023,Hết hiệu lực,2025-10-02T10:35:00.434922,9
CFPT2212,1410.0,70 (+5.22%),10 : 1,70000.0,FPT,ACBS,Mua,Châu Âu,26/10/2022,02/06/2023,Hết hiệu lực,2025-10-02T10:35:13.138010,1
CFPT2213,3740.0,80 (+2.19%),8.4983 : 1,63312.0,FPT,HCM,Mua,Châu Âu,17/01/2023,01/09/2023,Hết hiệu lực,2025-10-02T10:35:13.186393,2
CFPT2214,2670.0,-50 (-1.84%),8.4983 : 1,64587.0,FPT,HCM,Mua,Châu Âu,05/01/2023,30/10/2023,Hết hiệu lực,2025-10-02T10:35:13.240251,3
CFPT2301,500.0,-70 (-12.28%),6 : 1,84000.0,FPT,BSI,Mua,Châu Âu,02/02/2023,23/06/2023,Hết hiệu lực,2025-10-02T10:35:13.290629,4
CFPT2302,1210.0,(0.00%),8.5977 : 1,73080.0,FPT,MBS,Mua,Châu Âu,09/03/2023,14/08/2023,Hết hiệu lực,2025-10-02T10:35:13.358964,5
CFPT2303,1750.0,-70 (-3.85%),8.4983 : 1,73085.0,FPT,ACBS,Mua,Châu Âu,13/03/2023,07/11/2023,Hết hiệu lực,2025-10-02T10:35:13.418803,6
CFPT2304,2470.0,20 (+0.82%),9.8844 : 1,71168.0,FPT,VND,Mua,Châu Âu,04/08/2023,14/12/2023,Hết hiệu lực,2025-10-02T10:35:13.470181,7
CFPT2305,4650.0,-150 (-3.13%),9.8844 : 1,67214.0,FPT,VND,Mua,Châu Âu,04/08/2023,15/04/2024,Hết hiệu lực,2025-10-02T10:35:13.520048,8
CFPT2306,1600.0,-80 (-4.76%),7.91 : 1,78087.0,FPT,SSI,Mua,Châu Âu,24/08/2023,30/11/2023,Hết hiệu lực,2025-10-02T10:35:13.575416,9
CFPT2308,2000.0,20 (+1.01%),7.91 : 1,80064.0,FPT,HCM,Mua,Châu Âu,25/08/2023,22/01/2024,Hết hiệu lực,2025-10-02T10:35:26.322034,1
CFPT2309,5590.0,240 (+4.49%),7.91 : 1,80064.0,FPT,HCM,Mua,Châu Âu,25/08/2023,02/05/2024,Hết hiệu lực,2025-10-02T10:35:26.381879,2
CFPT2310,7940.0,-60 (-0.75%),6.8301 : 1,72975.0,FPT,HCM,Mua,Châu Âu,25/08/2023,01/08/2024,Hết hiệu lực,2025-10-02T10:35:26.438242,3
CFPT2311,2790.0,40 (+1.45%),9.88 : 1,88960.0,FPT,ACBS,Mua,Châu Âu,12/09/2023,14/03/2024,Hết hiệu lực,2025-10-02T10:35:26.495604,4
CFPT2312,2400.0,210 (+9.59%),4.94 : 1,91529.0,FPT,VCI,Mua,Châu Âu,15/09/2023,13/02/2024,Hết hiệu lực,2025-10-02T10:35:26.548463,5
CFPT2313,4110.0,70 (+1.73%),8.6348 : 1,86348.0,FPT,SSI,Mua,Châu Âu,30/10/2023,07/08/2024,Hết hiệu lực,2025-10-02T10:35:26.599842,6
CFPT2314,7510.0,40 (+0.54%),8.5750 : 1,85750.0,FPT,SSI,Mua,Châu Âu,30/10/2023,07/01/2025,Hết hiệu lực,2025-10-02T10:35:26.659681,7
CFPT2315,4070.0,(0.00%),8 : 1,80000.0,FPT,MBS,Mua,Châu Âu,05/12/2023,22/04/2024,Hết hiệu lực,2025-10-02T10:35:26.717045,8
CFPT2316,6690.0,550 (+8.96%),8.6348 : 1,70805.0,FPT,VND,Mua,Châu Âu,13/12/2023,18/07/2024,Hết hiệu lực,2025-10-02T10:35:26.769903,9
CFPT2318,7000.0,-150 (-2.10%),6.9078 : 1,85485.0,FPT,VPBankS,Mua,Châu Âu,05/01/2024,11/07/2024,Hết hiệu lực,2025-10-02T10:35:39.523106,1
CFPT2401,2230.0,180 (+8.78%),8.5702 : 1,123908.0,FPT,HCM,Mua,Châu Âu,05/07/2024,04/12/2024,Hết hiệu lực,2025-10-02T10:35:39.577475,2
CFPT2402,200.0,100 (+100%),3.4259 : 1,115626.0,FPT,SSI,Mua,Châu Âu,20/11/2024,24/07/2025,Hết hiệu lực,2025-10-02T10:35:39.630850,3
CFPT2403,10.0,(0.00%),3.9723 : 1,134064.0,FPT,SSI,Mua,Châu Âu,20/11/2024,24/04/2025,Hết hiệu lực,2025-10-02T10:35:39.683708,4
CFPT2405,20.0,-20 (-50%),8.5643 : 1,115625.0,FPT,MBS,Mua,Châu Âu,16/12/2024,12/08/2025,Hết hiệu lực,2025-10-02T10:35:39.737083,5
CFPT2406,80.0,40 (+100%),24.83 : 1,147658.0,FPT,KIS,Mua,Châu Âu,26/12/2024,26/03/2025,Hết hiệu lực,2025-10-02T10:35:39.790939,6
CFPT2407,10.0,(0.00%),24.6194 : 1,157346.0,FPT,KIS,Mua,Châu Âu,26/12/2024,26/06/2025,Hết hiệu lực,2025-10-02T10:35:39.843319,7
CFPT2501,20.0,(0.00%),8.6246 : 1,137994.0,FPT,VPBankS,Mua,Châu Âu,15/01/2025,24/07/2025,Hết hiệu lực,2025-10-02T10:35:39.897176,8
CFPT2504,10.0,(0.00%),10 : 1,160000.0,FPT,SSI,Mua,Châu Âu,22/01/2025,22/05/2025,Hết hiệu lực,2025-10-02T10:35:39.963515,9
CFPT2507,50.0,10 (+25%),6.8997 : 1,133682.0,FPT,TCBS,Mua,Châu Âu,27/02/2025,01/08/2025,Hết hiệu lực,2025-10-02T10:35:52.646531,1
CGMD1901,10.0,(0.00%),2.83 : 1,24929.0,GMD,MBS,Mua,Châu Âu,14/11/2019,24/04/2020,Hết hiệu lực,2025-10-02T10:35:52.693920,2
CGMD2001,10.0,(0.00%),4 : 1,25000.0,GMD,HCM,Mua,Châu Âu,22/01/2020,18/06/2020,Hết hiệu lực,2025-10-02T10:35:52.742789,3
CHDB2001,10.0,-10 (-50%),2 : 1,29099.0,HDB,KIS,Mua,Châu Âu,13/01/2020,17/06/2020,Hết hiệu lực,2025-10-02T10:35:52.794169,4
CHDB2002,10.0,(0.00%),2 : 1,26000.0,HDB,MBS,Mua,Châu Âu,05/02/2020,08/04/2020,Hết hiệu lực,2025-10-02T10:35:52.843038,5
CHDB2003,2330.0,(0.00%),1.2138 : 1,19496.0,HDB,KIS,Mua,Châu Âu,19/02/2020,14/12/2020,Hết hiệu lực,2025-10-02T10:35:52.893419,6
CHDB2004,10.0,(0.00%),1 : 1,28500.0,HDB,SSI,Mua,Châu Âu,13/03/2020,12/05/2020,Hết hiệu lực,2025-10-02T10:35:52.945280,7
CHDB2005,1500.0,490 (+48.51%),3.0799 : 1,21041.0,HDB,KIS,Mua,Châu Âu,26/06/2020,01/10/2020,Hết hiệu lực,2025-10-02T10:35:52.996660,8
CHDB2006,3620.0,-260 (-6.70%),1.5399 : 1,19018.0,HDB,MBS,Mua,Châu Âu,14/07/2020,06/10/2020,Hết hiệu lực,2025-10-02T10:35:53.050519,9
CHDB2008,2010.0,40 (+2.03%),3.15 : 1,20397.0,HDB,KIS,Mua,Châu Âu,02/12/2020,30/04/2021,Hết hiệu lực,2025-10-02T10:36:05.715315,1
CHDB2101,280.0,-60 (-17.65%),4.0015 : 1,23919.0,HDB,KIS,Mua,Châu Âu,18/01/2021,20/09/2021,Hết hiệu lực,2025-10-02T10:36:05.764185,2
CHDB2102,90.0,-60 (-40%),8 : 1,32283.0,HDB,KIS,Mua,Châu Âu,30/08/2021,30/11/2021,Hết hiệu lực,2025-10-02T10:36:05.814565,3
CHDB2103,10.0,-20 (-66.67%),8 : 1,28888.0,HDB,KIS,Mua,Châu Âu,15/10/2021,25/04/2022,Hết hiệu lực,2025-10-02T10:36:05.864433,4
CHDB2201,10.0,(0.00%),5 : 1,30999.0,HDB,KIS,Mua,Châu Âu,11/01/2022,19/09/2022,Hết hiệu lực,2025-10-02T10:36:05.915812,5
CHDB2202,340.0,(0.00%),3 : 1,30500.0,HDB,MBS,Mua,Châu Âu,01/03/2022,07/06/2022,Hết hiệu lực,2025-10-02T10:36:05.974669,6
CHDB2203,20.0,(0.00%),5 : 1,28888.0,HDB,KIS,Mua,Châu Âu,07/04/2022,11/08/2022,Hết hiệu lực,2025-10-02T10:36:06.025039,7
CHDB2204,10.0,(0.00%),2 : 1,31500.0,HDB,VCI,Mua,Châu Âu,28/04/2022,22/09/2022,Hết hiệu lực,2025-10-02T10:36:06.074905,8
CHDB2205,10.0,(0.00%),3.9979 : 1,21677.0,HDB,KIS,Mua,Châu Âu,16/05/2022,18/10/2022,Hết hiệu lực,2025-10-02T10:36:06.124290,9
CHDB2207,10.0,(0.00%),2.3987 : 1,19590.0,HDB,MBS,Mua,Châu Âu,08/07/2022,05/12/2022,Hết hiệu lực,2025-10-02T10:36:18.803176,1
CHDB2208,10.0,(0.00%),3.9979 : 1,19189.0,HDB,KIS,Mua,Châu Âu,19/07/2022,24/03/2023,Hết hiệu lực,2025-10-02T10:36:18.856548,2
CHDB2209,10.0,(0.00%),3.1983 : 1,21483.0,HDB,KIS,Mua,Châu Âu,06/09/2022,07/12/2022,Hết hiệu lực,2025-10-02T10:36:18.909406,3
CHDB2210,10.0,(0.00%),3.9979 : 1,23098.0,HDB,KIS,Mua,Châu Âu,06/09/2022,08/03/2023,Hết hiệu lực,2025-10-02T10:36:18.968769,4
CHDB2301,90.0,-100 (-52.63%),3.4815 : 1,16827.0,HDB,KIS,Mua,Châu Âu,14/06/2023,26/10/2023,Hết hiệu lực,2025-10-02T10:36:19.022624,5
CHDB2302,610.0,-20 (-3.17%),3.4815 : 1,16536.0,HDB,KIS,Mua,Châu Âu,13/07/2023,21/11/2023,Hết hiệu lực,2025-10-02T10:36:19.075996,6
CHDB2303,340.0,30 (+9.68%),3.4815 : 1,17504.0,HDB,KIS,Mua,Châu Âu,13/07/2023,21/12/2023,Hết hiệu lực,2025-10-02T10:36:19.127861,7
CHDB2304,1330.0,100 (+8.13%),3.4815 : 1,18277.0,HDB,KIS,Mua,Châu Âu,13/07/2023,21/03/2024,Hết hiệu lực,2025-10-02T10:36:19.183224,8
CHDB2305,1390.0,-70 (-4.79%),3.4815 : 1,18471.0,HDB,KIS,Mua,Châu Âu,18/07/2023,22/02/2024,Hết hiệu lực,2025-10-02T10:36:19.236085,9
CHDB2401,10.0,(0.00%),3.34 : 1,25017.0,HDB,KIS,Mua,Châu Âu,26/12/2024,26/03/2025,Hết hiệu lực,2025-10-02T10:36:31.965823,1
CHDB2501,10.0,(0.00%),2 : 1,24800.0,HDB,VCI,Mua,Châu Âu,10/02/2025,26/06/2025,Hết hiệu lực,2025-10-02T10:36:32.017986,2
CHDB2502,20.0,(0.00%),4 : 1,24444.0,HDB,KIS,Mua,Châu Âu,21/04/2025,17/07/2025,Hết hiệu lực,2025-10-02T10:36:32.067865,3
CHDB2503,1350.0,-70 (-4.93%),4 : 1,25555.0,HDB,KIS,Mua,Châu Âu,21/04/2025,17/09/2025,Hết hiệu lực,2025-10-02T10:36:32.121161,4
CHPG1901,110.0,-30 (-21.43%),2 : 1,22900.0,HPG,MBS,Mua,Châu Âu,28/06/2019,06/09/2019,Hết hiệu lực,2025-10-02T10:36:32.180260,5
CHPG1902,20.0,(0.00%),5 : 1,41999.0,HPG,KIS,Mua,Châu Âu,28/06/2019,09/12/2019,Hết hiệu lực,2025-10-02T10:36:32.231972,6
CHPG1903,20.0,-10 (-33.33%),2 : 1,23200.0,HPG,VPSS,Mua,Châu Âu,28/06/2019,10/09/2019,Hết hiệu lực,2025-10-02T10:36:32.280815,7
CHPG1904,170.0,-30 (-15%),1 : 1,23100.0,HPG,SSI,Mua,Châu Âu,12/07/2019,26/09/2019,Hết hiệu lực,2025-10-02T10:36:32.331165,8
CHPG1905,170.0,-150 (-46.88%),1 : 1,23100.0,HPG,SSI,Mua,Châu Âu,12/07/2019,26/12/2019,Hết hiệu lực,2025-10-02T10:36:32.383463,9
CHPG1907,160.0,60 (+60%),1 : 1,21000.0,HPG,SSI,Mua,Châu Âu,24/10/2019,20/04/2020,Hết hiệu lực,2025-10-02T10:36:45.147468,1
CHPG1908,2400.0,150 (+6.67%),2 : 1,20500.0,HPG,MBS,Mua,Châu Âu,14/11/2019,20/01/2020,Hết hiệu lực,2025-10-02T10:36:45.205313,2
CHPG1909,30.0,(0.00%),2 : 1,24680.0,HPG,KIS,Mua,Châu Âu,09/12/2019,13/05/2020,Hết hiệu lực,2025-10-02T10:36:45.266666,3
CHPG2001,1510.0,-50 (-3.21%),2 : 1,24000.0,HPG,HCM,Mua,Châu Âu,22/01/2020,26/06/2020,Hết hiệu lực,2025-10-02T10:36:45.320524,4
CHPG2002,8620.0,390 (+4.74%),1.6380 : 1,24570.0,HPG,KIS,Mua,Châu Âu,19/02/2020,14/12/2020,Hết hiệu lực,2025-10-02T10:36:45.376888,5
CHPG2003,20.0,-70 (-77.78%),3 : 1,22100.0,HPG,MBS,Mua,Châu Âu,18/02/2020,29/04/2020,Hết hiệu lực,2025-10-02T10:36:45.433251,6
CHPG2004,2710.0,-920 (-25.34%),1 : 1,23500.0,HPG,SSI,Mua,Châu Âu,13/03/2020,11/06/2020,Hết hiệu lực,2025-10-02T10:36:45.512041,7
CHPG2005,13000.0,500 (+4%),0.8190 : 1,15561.0,HPG,VND,Mua,Châu Âu,27/04/2020,29/09/2020,Hết hiệu lực,2025-10-02T10:36:45.669650,8
CHPG2006,3960.0,-30 (-0.75%),1.6380 : 1,18035.0,HPG,KIS,Mua,Châu Âu,11/05/2020,14/09/2020,Hết hiệu lực,2025-10-02T10:36:45.722512,9
CHPG2008,15970.0,530 (+3.43%),0.8190 : 1,22932.0,HPG,SSI,Mua,Châu Âu,15/06/2020,26/11/2020,Hết hiệu lực,2025-10-02T10:36:58.464554,1
CHPG2009,7470.0,-160 (-2.10%),1.6380 : 1,18428.0,HPG,HCM,Mua,Châu Âu,16/06/2020,27/10/2020,Hết hiệu lực,2025-10-02T10:36:58.516933,2
CHPG2010,6110.0,170 (+2.86%),3.2761 : 1,27109.0,HPG,KIS,Mua,Châu Âu,26/06/2020,01/04/2021,Hết hiệu lực,2025-10-02T10:36:58.569792,3
CHPG2011,5670.0,(0.00%),1.6380 : 1,20639.0,HPG,MBS,Mua,Châu Âu,23/07/2020,16/10/2020,Hết hiệu lực,2025-10-02T10:36:58.627155,4
CHPG2012,27600.0,"-1,130 (-3.93%)",0.82 : 1,21680.0,HPG,SSI,Mua,Châu Âu,04/08/2020,14/01/2021,Hết hiệu lực,2025-10-02T10:36:58.678020,5
CHPG2013,20850.0,"1,520 (+7.86%)",0.82 : 1,19634.0,HPG,SSI,Mua,Châu Âu,04/08/2020,27/11/2020,Hết hiệu lực,2025-10-02T10:36:58.729397,6
CHPG2014,38000.0,650 (+1.74%),0.82 : 1,21680.0,HPG,SSI,Mua,Châu Âu,04/08/2020,15/04/2021,Hết hiệu lực,2025-10-02T10:36:58.780263,7
CHPG2015,27150.0,540 (+2.03%),0.82 : 1,21680.0,HPG,SSI,Mua,Châu Âu,04/08/2020,25/02/2021,Hết hiệu lực,2025-10-02T10:36:58.833634,8
CHPG2016,12950.0,"1,350 (+11.64%)",1.64 : 1,22498.0,HPG,HCM,Mua,Châu Âu,10/08/2020,12/01/2021,Hết hiệu lực,2025-10-02T10:36:58.904961,9
CHPG2018,8040.0,70 (+0.88%),4 : 1,29999.0,HPG,KIS,Mua,Châu Âu,08/09/2020,12/05/2021,Hết hiệu lực,2025-10-02T10:37:11.620593,1
CHPG2019,7200.0,-50 (-0.69%),2 : 1,24100.0,HPG,MBS,Mua,Châu Âu,23/09/2020,16/12/2020,Hết hiệu lực,2025-10-02T10:37:11.673963,2
CHPG2020,43990.0,"2,990 (+7.29%)",0.7347 : 1,19103.0,HPG,VND,Mua,Châu Âu,22/10/2020,28/06/2021,Hết hiệu lực,2025-10-02T10:37:11.725829,3
CHPG2021,10260.0,60 (+0.59%),2 : 1,25000.0,HPG,HCM,Mua,Châu Âu,27/10/2020,30/03/2021,Hết hiệu lực,2025-10-02T10:37:11.774213,4
CHPG2022,14200.0,-270 (-1.87%),2 : 1,27000.0,HPG,HCM,Mua,Châu Âu,27/10/2020,30/04/2021,Hết hiệu lực,2025-10-02T10:37:11.824083,5
CHPG2023,14500.0,400 (+2.84%),1 : 1,28500.0,HPG,ACBS,Mua,Châu Âu,27/10/2020,08/01/2021,Hết hiệu lực,2025-10-02T10:37:11.877456,6
CHPG2024,10510.0,-190 (-1.78%),2 : 1,27500.0,HPG,BSI,Mua,Châu Âu,28/10/2020,06/04/2021,Hết hiệu lực,2025-10-02T10:37:11.928324,7
CHPG2025,14900.0,380 (+2.62%),1 : 1,34000.0,HPG,VCI,Mua,Châu Âu,29/10/2020,07/04/2021,Hết hiệu lực,2025-10-02T10:37:11.982693,8
CHPG2026,11110.0,240 (+2.21%),2 : 1,36500.0,HPG,MBS,Mua,Châu Âu,31/12/2020,06/05/2021,Hết hiệu lực,2025-10-02T10:37:12.046039,9
CHPG2102,30500.0,"1,200 (+4.10%)",0.7347 : 1,30124.0,HPG,ACBS,Mua,Châu Âu,18/01/2021,01/07/2021,Hết hiệu lực,2025-10-02T10:37:24.738258,1
CHPG2103,14080.0,130 (+0.93%),1.4694 : 1,30858.0,HPG,VND,Mua,Châu Âu,09/02/2021,02/07/2021,Hết hiệu lực,2025-10-02T10:37:24.788608,2
CHPG2104,8750.0,"1,550 (+21.53%)",2.2042 : 1,32916.0,HPG,MBS,Mua,Châu Âu,05/03/2021,01/07/2021,Hết hiệu lực,2025-10-02T10:37:24.838474,3
CHPG2105,11320.0,130 (+1.16%),1.4694 : 1,30858.0,HPG,HCM,Mua,Châu Âu,09/03/2021,05/08/2021,Hết hiệu lực,2025-10-02T10:37:24.892849,4
CHPG2106,7540.0,140 (+1.89%),1.4694 : 1,36883.0,HPG,MBS,Mua,Châu Âu,06/05/2021,25/08/2021,Hết hiệu lực,2025-10-02T10:37:24.942715,5
CHPG2107,1490.0,(0.00%),3.6736 : 1,43619.0,HPG,KIS,Mua,Châu Âu,06/05/2021,10/08/2021,Hết hiệu lực,2025-10-02T10:37:24.993093,6
CHPG2108,1470.0,20 (+1.38%),3.6736 : 1,43684.0,HPG,KIS,Mua,Châu Âu,11/05/2021,10/08/2021,Hết hiệu lực,2025-10-02T10:37:25.041964,7
CHPG2109,120.0,90 (+300%),1 : 1,55000.0,HPG,VCI,Mua,Châu Âu,03/08/2021,06/01/2022,Hết hiệu lực,2025-10-02T10:37:25.106310,8
CHPG2110,910.0,-90 (-9%),5 : 1,44000.0,HPG,ACBS,Mua,Châu Âu,24/08/2021,02/12/2021,Hết hiệu lực,2025-10-02T10:37:25.156182,9
CHPG2112,70.0,-10 (-12.50%),6 : 1,48900.0,HPG,MBS,Mua,Châu Âu,17/09/2021,23/12/2021,Hết hiệu lực,2025-10-02T10:37:37.810432,1
CHPG2113,60.0,50 (+500%),4 : 1,51500.0,HPG,HCM,Mua,Châu Âu,05/10/2021,03/03/2022,Hết hiệu lực,2025-10-02T10:37:37.860298,2
CHPG2114,10.0,-10 (-50%),10 : 1,56789.0,HPG,KIS,Mua,Châu Âu,15/10/2021,25/04/2022,Hết hiệu lực,2025-10-02T10:37:37.913670,3
CHPG2115,10.0,-10 (-50%),5 : 1,56000.0,HPG,VND,Mua,Châu Âu,19/10/2021,24/01/2022,Hết hiệu lực,2025-10-02T10:37:37.963536,4
CHPG2116,10.0,-10 (-50%),3.0258 : 1,46454.0,HPG,VND,Mua,Châu Âu,26/10/2021,04/07/2022,Hết hiệu lực,2025-10-02T10:37:38.009928,5
CHPG2117,10.0,(0.00%),3.7823 : 1,45387.0,HPG,SSI,Mua,Châu Âu,24/11/2021,29/06/2022,Hết hiệu lực,2025-10-02T10:37:38.071764,6
CHPG2118,20.0,(0.00%),5 : 1,61999.0,HPG,KIS,Mua,Châu Âu,26/11/2021,02/05/2022,Hết hiệu lực,2025-10-02T10:37:38.133118,7
CHPG2119,20.0,(0.00%),2 : 1,53000.0,HPG,VCI,Mua,Châu Âu,22/12/2021,20/05/2022,Hết hiệu lực,2025-10-02T10:37:38.191964,8
CHPG2201,20.0,10 (+100%),7.5645 : 1,37570.0,HPG,KIS,Mua,Châu Âu,11/01/2022,19/10/2022,Hết hiệu lực,2025-10-02T10:37:38.244336,9
CHPG2203,10.0,(0.00%),3.0258 : 1,38957.0,HPG,HCM,Mua,Châu Âu,12/01/2022,16/09/2022,Hết hiệu lực,2025-10-02T10:37:50.968982,1
CHPG2204,10.0,(0.00%),3.7823 : 1,33662.0,HPG,MBS,Mua,Châu Âu,01/03/2022,22/06/2022,Hết hiệu lực,2025-10-02T10:37:51.048286,2
CHPG2206,20.0,(0.00%),7.5645 : 1,36981.0,HPG,KIS,Mua,Châu Âu,07/04/2022,11/08/2022,Hết hiệu lực,2025-10-02T10:37:51.108126,3
CHPG2207,10.0,(0.00%),2.2694 : 1,38957.0,HPG,VCI,Mua,Châu Âu,28/04/2022,22/09/2022,Hết hiệu lực,2025-10-02T10:37:51.159506,4
CHPG2208,10.0,-10 (-50%),3.7823 : 1,30258.0,HPG,ACBS,Mua,Châu Âu,09/05/2022,05/10/2022,Hết hiệu lực,2025-10-02T10:37:51.215357,5
CHPG2209,10.0,-10 (-50%),6.0516 : 1,34460.0,HPG,KIS,Mua,Châu Âu,16/05/2022,18/08/2022,Hết hiệu lực,2025-10-02T10:37:51.275716,6
CHPG2210,10.0,(0.00%),6.0516 : 1,36141.0,HPG,KIS,Mua,Châu Âu,16/05/2022,18/10/2022,Hết hiệu lực,2025-10-02T10:37:51.332566,7
CHPG2211,10.0,(0.00%),3.0258 : 1,33662.0,HPG,MBS,Mua,Châu Âu,17/05/2022,17/10/2022,Hết hiệu lực,2025-10-02T10:37:51.386934,8
CHPG2212,10.0,(0.00%),7.56 : 1,27829.0,HPG,KIS,Mua,Châu Âu,17/06/2022,23/12/2022,Hết hiệu lực,2025-10-02T10:37:51.441305,9
CHPG2214,10.0,(0.00%),7.56 : 1,28744.0,HPG,KIS,Mua,Châu Âu,03/06/2022,30/12/2022,Hết hiệu lực,2025-10-02T10:38:04.131326,1
CHPG2215,10.0,(0.00%),10 : 1,22999.0,HPG,KIS,Mua,Châu Âu,19/07/2022,24/03/2023,Hết hiệu lực,2025-10-02T10:38:04.182706,2
CHPG2216,50.0,-110 (-68.75%),3 : 1,19000.0,HPG,VND,Mua,Châu Âu,18/08/2022,22/12/2022,Hết hiệu lực,2025-10-02T10:38:04.232572,3
CHPG2217,10.0,-10 (-50%),2 : 1,25000.0,HPG,VND,Mua,Châu Âu,18/08/2022,22/12/2022,Hết hiệu lực,2025-10-02T10:38:04.282953,4
CHPG2218,10.0,(0.00%),4 : 1,24888.0,HPG,KIS,Mua,Châu Âu,06/09/2022,07/12/2022,Hết hiệu lực,2025-10-02T10:38:04.332820,5
CHPG2219,10.0,(0.00%),5 : 1,26888.0,HPG,KIS,Mua,Châu Âu,06/09/2022,08/03/2023,Hết hiệu lực,2025-10-02T10:38:04.390181,6
CHPG2220,10.0,(0.00%),2 : 1,24000.0,HPG,SSI,Mua,Châu Âu,22/09/2022,30/12/2022,Hết hiệu lực,2025-10-02T10:38:04.442071,7
CHPG2221,10.0,(0.00%),4 : 1,25000.0,HPG,SSI,Mua,Châu Âu,22/09/2022,29/03/2023,Hết hiệu lực,2025-10-02T10:38:04.493419,8
CHPG2223,10.0,(0.00%),2 : 1,22500.0,HPG,HCM,Mua,Châu Âu,27/09/2022,28/02/2023,Hết hiệu lực,2025-10-02T10:38:04.545280,9
